{"cameraMode":{"drawMode":0,"name":"Shaded","section":"Shading Mode"},"sceneLighting":true,"audioPlay":false,"sceneViewState":{"showFog":false,"showMaterialUpdate":false,"showSkybox":false,"showFlares":false,"showImageEffects":false,"showParticleSystems":false},"in2DMode":false,"pivot":{"x":1.647493600845337,"y":2.345036029815674,"z":-2.564703941345215},"rotation":{"x":0.22442777454853059,"y":-0.1435183584690094,"z":0.03343667834997177,"w":0.963286817073822},"size":9.383034706115723,"orthographic":false}